lon,lat,elev
100.550000,14.350000,8.60
100.551145,14.351724,8.55
100.552528,14.353176,8.51
100.553862,14.351460,8.46
100.554683,14.349368,8.42
100.556673,14.349776,8.37
100.557201,14.351998,8.33
100.559248,14.352453,8.28
100.560716,14.350705,8.24
100.562117,14.348896,8.19
100.564169,14.349200,8.15
100.564945,14.351326,8.10
100.566549,14.350462,8.06
100.567161,14.348422,8.01
100.568808,14.349685,7.97
100.570189,14.351348,7.92
100.571980,14.350066,7.88
100.573411,14.348311,7.83
100.575332,14.349162,7.79
100.575468,14.351436,7.74
100.576743,14.353156,7.70
100.578419,14.351871,7.65
100.578947,14.349656,7.61
100.581033,14.349281,7.56
100.582337,14.351149,7.52
100.583937,14.352724,7.47
100.585489,14.351448,7.43
100.586615,14.349664,7.38
100.587723,14.351342,7.34
100.588659,14.353172,7.29
100.590411,14.351862,7.25
100.591705,14.350003,7.20
100.593647,14.350735,7.16
100.593918,14.353002,7.11
100.595642,14.354167,7.07
100.596907,14.352392,7.02
100.597494,14.350207,6.98
100.599618,14.349976,6.93
100.600838,14.351906,6.89
100.602571,14.353290,6.84
100.604300,14.351953,6.80
100.605727,14.350223,6.75
100.607216,14.351494,6.71
100.607836,14.353567,6.66
100.609735,14.352628,6.62
100.610711,14.350559,6.57
100.612791,14.350606,6.53
100.613678,14.352718,6.48
100.615718,14.353112,6.44
100.616578,14.351047,6.39
100.617573,14.349064,6.35
100.619689,14.349547,6.30
100.620551,14.351665,6.26
100.622050,14.353310,6.21
100.624163,14.352563,6.17
100.625445,14.350639,6.12
100.627440,14.349594,6.08
100.628947,14.351188,6.03
100.630677,14.352446,5.99
100.632216,14.350869,5.94
100.633005,14.348726,5.90
100.635053,14.348415,5.85
100.635646,14.350602,5.81
100.637542,14.350490,5.76
100.638233,14.348320,5.72
100.640308,14.348422,5.67
100.641215,14.350517,5.63
100.642833,14.352006,5.58
100.644608,14.350735,5.54
100.645952,14.348919,5.49
100.647916,14.349713,5.45
100.648275,14.351967,5.40
100.649763,14.353522,5.36
100.651639,14.352337,5.31
100.652739,14.350317,5.27
100.654866,14.349884,5.22
100.655733,14.351926,5.18
100.656774,14.353858,5.13
100.658732,14.353026,5.09
100.659426,14.350840,5.04
100.661394,14.350000,5.00
